[
  {
    "id": "ERR001",
    "title": "اعتبار اسنادی - ثبت دریافت و ابلاغ اعتبار: کدملی/شناسه حقوقی ذینفع بدرستی وارد نشده است",
    "محیط": "اعتبار اسنادی",
    "گزینه": "ثبت دریافت و ابلاغ اعتبار",
    "پیام خطا": "کدملی/شناسه حقوقی ذینفع بدرستی وارد نشده است",
    "علت ایجاد مشکل": "قسمت مشخصات طرفین-گشایش، در فیلد شناسه ذینفع شماره مشتری صادرات وارد شود. حتما ده رقمی وارد شود",
    "روش رفع مشکل": "",
    "tags": [
      "ثبت دریافت و ابلاغ اعتبار",
      "اعتبار اسنادی"
    ],
    "search": "کدملی/شناسه حقوقی ذینفع بدرستی وارد نشده است | قسمت مشخصات طرفین-گشایش، در فیلد شناسه ذینفع شماره مشتری صادرات وارد شود. حتما ده رقمی وارد شود |  | اعتبار اسنادی | ثبت دریافت و ابلاغ اعتبار"
  },
  {
    "id": "ERR002",
    "title": "اعتبار اسنادی - پرداخت وجه به ذینفع: موجودی حساب کافی نمیباشد",
    "محیط": "اعتبار اسنادی",
    "گزینه": "پرداخت وجه به ذینفع",
    "پیام خطا": "موجودی حساب کافی نمیباشد",
    "علت ایجاد مشکل": "موجودی حساب واسطه اعتبار اسنادی کافی نیست و یا موجودی حساب جهت برداشت کارمزد بررسی اسناد کافی نیست یا شرایط برداشت ندارد و یا مسدودی دارد",
    "روش رفع مشکل": "",
    "tags": [
      "پرداخت وجه به ذینفع",
      "اعتبار اسنادی"
    ],
    "search": "موجودی حساب کافی نمیباشد | موجودی حساب واسطه اعتبار اسنادی کافی نیست و یا موجودی حساب جهت برداشت کارمزد بررسی اسناد کافی نیست یا شرایط برداشت ندارد و یا مسدودی دارد |  | اعتبار اسنادی | پرداخت وجه به ذینفع"
  },
  {
    "id": "ERR003",
    "title": "اعتبار اسنادی - ابطال در کارگزار: اعتبار در تابع \"ابطال اعتبار\" دیده نمیشود",
    "محیط": "اعتبار اسنادی",
    "گزینه": "ابطال در کارگزار",
    "پیام خطا": "اعتبار در تابع \"ابطال اعتبار\" دیده نمیشود",
    "علت ایجاد مشکل": "اعتبار مربوط به این شعبه نیست",
    "روش رفع مشکل": "از مانیتورینگ پیام های سپام شعبه اصلی را میتوان یافت",
    "tags": [
      "ابطال در کارگزار",
      "اعتبار اسنادی"
    ],
    "search": "اعتبار در تابع \"ابطال اعتبار\" دیده نمیشود | اعتبار مربوط به این شعبه نیست | از مانیتورینگ پیام های سپام شعبه اصلی را میتوان یافت | اعتبار اسنادی | ابطال در کارگزار"
  },
  {
    "id": "ERR004",
    "title": "اعتبار اسنادی - ابلاغ در کارگزار",
    "محیط": "اعتبار اسنادی",
    "گزینه": "ابلاغ در کارگزار",
    "پیام خطا": "در قسمت پرینت از گزینه اعتبار معتبر قسمت \"مستندات دریافتی\" مشتمل بر متن گشایش وجود ندارد.",
    "علت ایجاد مشکل": "بخش مستندات دریافتی فقط برای اعتباراتی که گشایش کننده آنها شعب بانک صادرات هستند\nقابل مشاهده است",
    "روش رفع مشکل": "224438",
    "tags": [
      "اعتبار اسنادی",
      "ابلاغ در کارگزار"
    ],
    "search": "در قسمت پرینت از گزینه اعتبار معتبر قسمت \"مستندات دریافتی\" مشتمل بر متن گشایش وجود ندارد. | بخش مستندات دریافتی فقط برای اعتباراتی که گشایش کننده آنها شعب بانک صادرات هستند\nقابل مشاهده است | 224438 | اعتبار اسنادی | ابلاغ در کارگزار"
  },
  {
    "id": "ERR005",
    "title": "اعتبار اسنادی - ابلاغ در کارگزار: ابلاغ اعتبار نامعتبر شده است",
    "محیط": "اعتبار اسنادی",
    "گزینه": "ابلاغ در کارگزار",
    "پیام خطا": "ابلاغ اعتبار نامعتبر شده است",
    "علت ایجاد مشکل": "در بخش مدیریت -- عملیات سیستمی شعب -- ارسال مجدد پیامهای نامعتبر\nامکان ارسال مجدد این پیام ها توسط ادمین سیستم وجود دارد.لذا خواهشمند است از این به بعد برای پیامهای سپام نامعتبر رخدادی ثبت ننمایید.",
    "روش رفع مشکل": "224437",
    "tags": [
      "اعتبار اسنادی",
      "ابلاغ در کارگزار"
    ],
    "search": "ابلاغ اعتبار نامعتبر شده است | در بخش مدیریت -- عملیات سیستمی شعب -- ارسال مجدد پیامهای نامعتبر\nامکان ارسال مجدد این پیام ها توسط ادمین سیستم وجود دارد.لذا خواهشمند است از این به بعد برای پیامهای سپام نامعتبر رخدادی ثبت ننمایید. | 224437 | اعتبار اسنادی | ابلاغ در کارگزار"
  },
  {
    "id": "ERR006",
    "title": "اعتبار اسنادی - گشایش",
    "محیط": "اعتبار اسنادی",
    "گزینه": "گشایش",
    "پیام خطا": "گشایش نامعتبر شده است با این شرح خطا:\n\"INVALID شعبه گيرنده در پايگاه داده موجود نميباشد\"",
    "علت ایجاد مشکل": "خطای BLC260 از سامانه سپام مبنی بر\nRECEIVER BRANCH WAS NOT FOUND IN DATABASE\nدریافت شده است که به معنای عدم وجود بانک کارگزار در سامانه سپام میباشد.\n\nخطا از سامانه اعتبارات نمیباشد و اعتبار در سامانه سپام نامعتبر شده است و نمیتوان برای رفع آن کاری در سامانه اعتبارات اسنادی ریالی انجام داد.",
    "روش رفع مشکل": "",
    "tags": [
      "گشایش",
      "اعتبار اسنادی"
    ],
    "search": "گشایش نامعتبر شده است با این شرح خطا:\n\"INVALID شعبه گيرنده در پايگاه داده موجود نميباشد\" | خطای BLC260 از سامانه سپام مبنی بر\nRECEIVER BRANCH WAS NOT FOUND IN DATABASE\nدریافت شده است که به معنای عدم وجود بانک کارگزار در سامانه سپام میباشد.\n\nخطا از سامانه اعتبارات نمیباشد و اعتبار در سامانه سپام نامعتبر شده است و نمیتوان برای رفع آن کاری در سامانه اعتبارات اسنادی ریالی انجام داد. |  | اعتبار اسنادی | گشایش"
  },
  {
    "id": "ERR007",
    "title": "اعتبار اسنادی - پذیرش و واریز وجه اسناد",
    "محیط": "اعتبار اسنادی",
    "گزینه": "پذیرش و واریز وجه اسناد",
    "پیام خطا": "واریز وجه توسط بانک گشایش کننده در تاریخ 11/2/1401 انجام شده و مبلغ به حساب وسطه اعتبار اسنادی واریز شده اما در هنگام اجرای تابع پذیرش و واریز وجه اسناد خطای زیر دریافت میگردد:\n\"عملیات واریز وجه در بانک گشایش کننده انجام نشده است\"",
    "علت ایجاد مشکل": "رکورد در تعیین وضعیت به عنوان \"پیش پرداخت\" تعیین تکلیف شده بود که اشتباه است\nو تصحیح شد.",
    "روش رفع مشکل": "",
    "tags": [
      "اعتبار اسنادی",
      "پذیرش و واریز وجه اسناد"
    ],
    "search": "واریز وجه توسط بانک گشایش کننده در تاریخ 11/2/1401 انجام شده و مبلغ به حساب وسطه اعتبار اسنادی واریز شده اما در هنگام اجرای تابع پذیرش و واریز وجه اسناد خطای زیر دریافت میگردد:\n\"عملیات واریز وجه در بانک گشایش کننده انجام نشده است\" | رکورد در تعیین وضعیت به عنوان \"پیش پرداخت\" تعیین تکلیف شده بود که اشتباه است\nو تصحیح شد. |  | اعتبار اسنادی | پذیرش و واریز وجه اسناد"
  },
  {
    "id": "ERR008",
    "title": "اعتبار اسنادی - پذیرش و واریز وجه اسناد",
    "محیط": "اعتبار اسنادی",
    "گزینه": "پذیرش و واریز وجه اسناد",
    "پیام خطا": "تاریخ سررسید پرداخت 1401/2/5 می باشد اما در تابع ثبت پذیرش و واریز وجه اسناد اشتباها 1401/2/12 نمایش داده می شود. شعبه 3332 اعتبار 0376100499792249",
    "علت ایجاد مشکل": "در این فیلد تاریخ انقضای اعتبار درج شده است و برای همه اعتبارات بدین صورت میباشد.\nدر صورت نیاز به تغییر فیلد به تاریخ سررسید پارت، کتبا اطلاع داده شود تا در نسخه آتی تغییر داده شود.",
    "روش رفع مشکل": "224280",
    "tags": [
      "اعتبار اسنادی",
      "پذیرش و واریز وجه اسناد"
    ],
    "search": "تاریخ سررسید پرداخت 1401/2/5 می باشد اما در تابع ثبت پذیرش و واریز وجه اسناد اشتباها 1401/2/12 نمایش داده می شود. شعبه 3332 اعتبار 0376100499792249 | در این فیلد تاریخ انقضای اعتبار درج شده است و برای همه اعتبارات بدین صورت میباشد.\nدر صورت نیاز به تغییر فیلد به تاریخ سررسید پارت، کتبا اطلاع داده شود تا در نسخه آتی تغییر داده شود. | 224280 | اعتبار اسنادی | پذیرش و واریز وجه اسناد"
  },
  {
    "id": "ERR009",
    "title": "اعتبار اسنادی - تسویه با فروشنده در سررسید",
    "محیط": "اعتبار اسنادی",
    "گزینه": "تسویه با فروشنده در سررسید",
    "پیام خطا": "تسویه با فروشنده در سررسید در تاریخ 1401/1/29 بصورت کامل انجام شده است و در قسمت تسویه معتبر دیده میشود اما در مانیتورینگ پیامهای سپام دیده نشده و بانک کارگزار نیز قادر به اجرای بازپرداخت نیست\nشعبه 226 اعتبار0022600403177542",
    "علت ایجاد مشکل": "بعد از بررسی این اعتبار مشخص گردید کارگزار این اعتبار بانکی غیر از صادرات می باشد و بازپرداخت خریدار در تاریخ 1401/01/18 انجام شده است و  زمان تسویه مبلغ ساتنا شده است در ضمن عملیات تسویه پیام سپام ندارد که در مانیتورینگ سپام دیده شود .",
    "روش رفع مشکل": "224207",
    "tags": [
      "تسویه با فروشنده در سررسید",
      "اعتبار اسنادی"
    ],
    "search": "تسویه با فروشنده در سررسید در تاریخ 1401/1/29 بصورت کامل انجام شده است و در قسمت تسویه معتبر دیده میشود اما در مانیتورینگ پیامهای سپام دیده نشده و بانک کارگزار نیز قادر به اجرای بازپرداخت نیست\nشعبه 226 اعتبار0022600403177542 | بعد از بررسی این اعتبار مشخص گردید کارگزار این اعتبار بانکی غیر از صادرات می باشد و بازپرداخت خریدار در تاریخ 1401/01/18 انجام شده است و  زمان تسویه مبلغ ساتنا شده است در ضمن عملیات تسویه پیام سپام ندارد که در مانیتورینگ سپام دیده شود . | 224207 | اعتبار اسنادی | تسویه با فروشنده در سررسید"
  },
  {
    "id": "ERR010",
    "title": "اعتبار اسنادی - تسویه با فروشنده در سررسید",
    "محیط": "اعتبار اسنادی",
    "گزینه": "تسویه با فروشنده در سررسید",
    "پیام خطا": "سررسید پرداخت اعتبار 1401/2/24 بوده است. اما شعبه در تاریخ 1400/12/14 (بدون اجرای تابع بازپرداخت خریدار) توانسته تابع تسویه با فروشنده در سررسید را اجرا کند.\nقبلا نیز مورد مشابه با شماره تیکت 224097 ارسال شده است.",
    "علت ایجاد مشکل": "موضوع در حال بررسی میباشد\nو در نسخه آتی رفع خواهد شد.",
    "روش رفع مشکل": "",
    "tags": [
      "تسویه با فروشنده در سررسید",
      "اعتبار اسنادی"
    ],
    "search": "سررسید پرداخت اعتبار 1401/2/24 بوده است. اما شعبه در تاریخ 1400/12/14 (بدون اجرای تابع بازپرداخت خریدار) توانسته تابع تسویه با فروشنده در سررسید را اجرا کند.\nقبلا نیز مورد مشابه با شماره تیکت 224097 ارسال شده است. | موضوع در حال بررسی میباشد\nو در نسخه آتی رفع خواهد شد. |  | اعتبار اسنادی | تسویه با فروشنده در سررسید"
  },
  {
    "id": "ERR011",
    "title": "اعتبار اسنادی - گشایش",
    "محیط": "اعتبار اسنادی",
    "گزینه": "گشایش",
    "پیام خطا": "در اعتبارهایی که به نفع فولاد صادر شده است هنگام چاپ متن گشایش فولاد صفحه 1 و 2 کلید چاپ از بالای صفحه حذف شده و شعبه ناگزیر از کلید Ctrl+P استفاده میکند که در اینصورت چاپ بصورت بسیار ریز (26%) اندازه واقعی انجام میشود.\nظاهرا برای حذف کلید چاپ درخواستی از سوی بانک به شرکت خدمات ارسال نشده است.",
    "علت ایجاد مشکل": "با توجه به این که این مساله نیازمند بررسی و رفع مشکل در نسخه میباشد\nدر موارد تعریف برای رخداد نمیباشد ، اما بررسی خواهد شد و به محض رفع مشکل نسخه یا پچ جدید عملیاتی خواهد شد.",
    "روش رفع مشکل": "224157",
    "tags": [
      "گشایش",
      "اعتبار اسنادی"
    ],
    "search": "در اعتبارهایی که به نفع فولاد صادر شده است هنگام چاپ متن گشایش فولاد صفحه 1 و 2 کلید چاپ از بالای صفحه حذف شده و شعبه ناگزیر از کلید Ctrl+P استفاده میکند که در اینصورت چاپ بصورت بسیار ریز (26%) اندازه واقعی انجام میشود.\nظاهرا برای حذف کلید چاپ درخواستی از سوی بانک به شرکت خدمات ارسال نشده است. | با توجه به این که این مساله نیازمند بررسی و رفع مشکل در نسخه میباشد\nدر موارد تعریف برای رخداد نمیباشد ، اما بررسی خواهد شد و به محض رفع مشکل نسخه یا پچ جدید عملیاتی خواهد شد. | 224157 | اعتبار اسنادی | گشایش"
  },
  {
    "id": "ERR012",
    "title": "اعتبار اسنادی - تسویه با فروشنده در سررسید",
    "محیط": "اعتبار اسنادی",
    "گزینه": "تسویه با فروشنده در سررسید",
    "پیام خطا": "سررسید اعتبار 1400/12/29 بوده اما تسویه اتوماتیک انجام نشده است",
    "علت ایجاد مشکل": "در روزهای تعطیل تابع تسویه اتوماتیک اجرا نمی شود . لذا جهت تسویه در حال حاضر به صورت دستی خودتان انجام دهید یا اینکه امشب سیستم به طور اتوماتیک انجام خواهد داد.",
    "روش رفع مشکل": "223995",
    "tags": [
      "تسویه با فروشنده در سررسید",
      "اعتبار اسنادی"
    ],
    "search": "سررسید اعتبار 1400/12/29 بوده اما تسویه اتوماتیک انجام نشده است | در روزهای تعطیل تابع تسویه اتوماتیک اجرا نمی شود . لذا جهت تسویه در حال حاضر به صورت دستی خودتان انجام دهید یا اینکه امشب سیستم به طور اتوماتیک انجام خواهد داد. | 223995 | اعتبار اسنادی | تسویه با فروشنده در سررسید"
  },
  {
    "id": "ERR013",
    "title": "اعتبار اسنادی - ورود اسناد به صندوق",
    "محیط": "اعتبار اسنادی",
    "گزینه": "ورود اسناد به صندوق",
    "پیام خطا": "هنگام ورود اسناد به صندوق با خطای زیر مواجه میشود:\n\"این اعتبار در طرح طراوت ثبت شده است و مبلغ پارت آن باید برابر با مقدار اعتبار و پارت وثیقه شده باشد\"\nلازم بذکر است که نوع طرح در گشایش اولیه عادی است و نه طرح طراوت.   0130500481574318",
    "علت ایجاد مشکل": "درزمان گشایش اعتبار ، برای این اعتبار اعتبار و پارت به عنوان وثیقه معرفی شده است، لذا سامانه تمامی کنترل های مربوط به طرح طراوت را برای اعتبار انجام میدهد.  (مثلا مبلغ اسناد اعتبار دوم با مبلغ ظهرنویسی اعتبار اول متفاوت است)",
    "روش رفع مشکل": "223707",
    "tags": [
      "ورود اسناد به صندوق",
      "اعتبار اسنادی"
    ],
    "search": "هنگام ورود اسناد به صندوق با خطای زیر مواجه میشود:\n\"این اعتبار در طرح طراوت ثبت شده است و مبلغ پارت آن باید برابر با مقدار اعتبار و پارت وثیقه شده باشد\"\nلازم بذکر است که نوع طرح در گشایش اولیه عادی است و نه طرح طراوت.   0130500481574318 | درزمان گشایش اعتبار ، برای این اعتبار اعتبار و پارت به عنوان وثیقه معرفی شده است، لذا سامانه تمامی کنترل های مربوط به طرح طراوت را برای اعتبار انجام میدهد.  (مثلا مبلغ اسناد اعتبار دوم با مبلغ ظهرنویسی اعتبار اول متفاوت است) | 223707 | اعتبار اسنادی | ورود اسناد به صندوق"
  },
  {
    "id": "ERR014",
    "title": "اعتبار اسنادی",
    "محیط": "اعتبار اسنادی",
    "گزینه": "",
    "پیام خطا": "عملیات عملیات رود اسناد و ثبت غیر وصولی و ظهرنویسی پیام سپام ندارند",
    "علت ایجاد مشکل": "",
    "روش رفع مشکل": "223694",
    "tags": [
      "اعتبار اسنادی"
    ],
    "search": "عملیات عملیات رود اسناد و ثبت غیر وصولی و ظهرنویسی پیام سپام ندارند |  | 223694 | اعتبار اسنادی | "
  },
  {
    "id": "ERR015",
    "title": "اعتبار اسنادی - ابطال در کارگزار",
    "محیط": "اعتبار اسنادی",
    "گزینه": "ابطال در کارگزار",
    "پیام خطا": "تعریف مشتری متقاضی یکسان سازی شده است\nتعریف مشتری اولیه هنگام گشایش = 0227004728\nتعریف مشتری فعلی = 0024443038\nشعبه هنگام اجرای تابع ابطال با خطا \"حساب 0103457878009 برای صاحب حساب0227004728 نمیباشد\" مواجه میگردد.",
    "علت ایجاد مشکل": "مورد اعلام شده در خصوص اعتبار 0054999481683036 انجام شد",
    "روش رفع مشکل": "223637",
    "tags": [
      "ابطال در کارگزار",
      "اعتبار اسنادی"
    ],
    "search": "تعریف مشتری متقاضی یکسان سازی شده است\nتعریف مشتری اولیه هنگام گشایش = 0227004728\nتعریف مشتری فعلی = 0024443038\nشعبه هنگام اجرای تابع ابطال با خطا \"حساب 0103457878009 برای صاحب حساب0227004728 نمیباشد\" مواجه میگردد. | مورد اعلام شده در خصوص اعتبار 0054999481683036 انجام شد | 223637 | اعتبار اسنادی | ابطال در کارگزار"
  },
  {
    "id": "ERR016",
    "title": "اعتبار اسنادی - پذیرش و واریز وجه اسناد",
    "محیط": "اعتبار اسنادی",
    "گزینه": "پذیرش و واریز وجه اسناد",
    "پیام خطا": "تسویه با فروشنده در سررسید توسط گشایش کننده بصورت کامل انجام شده است اما کارگزار علی رغم اجرای گزینه اعلام وصول اسناد اعتبار را در گزینه پذیرش و واریز وجه اسناد نمی بیند تیکت 224484 همچنین تیکت 222320  همچنین 221980",
    "علت ایجاد مشکل": "شناسه نامه 8639857 فاطمه سادات شاکرطاهری: مشکل اشاره شده در نامه مربوط به اعتباراتی است که خارج از طرح طراوت و در زیرنوع 9930 (خرید دین/تنزیل تعهد پرداخت صادرات) تنزیل گردیده‌اند. با توجه دستورالعمل پیاده سازی شده تنزیل در سیستم تسهیلات، عملیات تسویه خرید دین اعتبارات مذکور در تاریخ سررسید باید به صورت سیستمی و مکانیزه در سیستم تسهیلات صورت پذیرد که در حال حاضر به دلیل وجود مشکل سیستمی عملیات مذکور انجام نشده و مراتب پیش‌تر نیز طی نامه ‌های شماره 1400/686597 مورخ 1400/07/12 و 1400/696761 مورخ 1400/07/17 اداره کل سیاست گذاری اعتباری به این اداره کل اعلام و از سوی گروه تسهیلات به شرکت ارجاع گردیده، لیکن هنوز توسط شرکت رفع نگردیده است.\nلذا مقتضی است موضوع مجددا توسط گروه محترم تسهیلات از شرکت پیگیری گردد.",
    "روش رفع مشکل": "ظاهرا مشکل رفع شده است: سررسید پرداخت اعتبار 0119300443265535 3/14 بوده است . زیر نوع 9906 (طرح طراوت) تسویه در سررسید اتوماتیک در تاریخ 3/16 انجام شده است (روز 14 و 15 خرداد تعطیل بوده) و در تاریخ 3/18 تسویه خرید دین در شعبه تنزیل کننده 248 انجام شده است. مبلغ اعتبار در 3/16 به حساب واسطه واریز شده و در ساعت 22/52 روز 3/18 از حساب واسطه برداشت و خرید دین تسویه اتومات شده است. صورتحساب در قسمت pic موجود است.",
    "tags": [
      "اعتبار اسنادی",
      "پذیرش و واریز وجه اسناد"
    ],
    "search": "تسویه با فروشنده در سررسید توسط گشایش کننده بصورت کامل انجام شده است اما کارگزار علی رغم اجرای گزینه اعلام وصول اسناد اعتبار را در گزینه پذیرش و واریز وجه اسناد نمی بیند تیکت 224484 همچنین تیکت 222320  همچنین 221980 | شناسه نامه 8639857 فاطمه سادات شاکرطاهری: مشکل اشاره شده در نامه مربوط به اعتباراتی است که خارج از طرح طراوت و در زیرنوع 9930 (خرید دین/تنزیل تعهد پرداخت صادرات) تنزیل گردیده‌اند. با توجه دستورالعمل پیاده سازی شده تنزیل در سیستم تسهیلات، عملیات تسویه خرید دین اعتبارات مذکور در تاریخ سررسید باید به صورت سیستمی و مکانیزه در سیستم تسهیلات صورت پذیرد که در حال حاضر به دلیل وجود مشکل سیستمی عملیات مذکور انجام نشده و مراتب پیش‌تر نیز طی نامه ‌های شماره 1400/686597 مورخ 1400/07/12 و 1400/696761 مورخ 1400/07/17 اداره کل سیاست گذاری اعتباری به این اداره کل اعلام و از سوی گروه تسهیلات به شرکت ارجاع گردیده، لیکن هنوز توسط شرکت رفع نگردیده است.\nلذا مقتضی است موضوع مجددا توسط گروه محترم تسهیلات از شرکت پیگیری گردد. | ظاهرا مشکل رفع شده است: سررسید پرداخت اعتبار 0119300443265535 3/14 بوده است . زیر نوع 9906 (طرح طراوت) تسویه در سررسید اتوماتیک در تاریخ 3/16 انجام شده است (روز 14 و 15 خرداد تعطیل بوده) و در تاریخ 3/18 تسویه خرید دین در شعبه تنزیل کننده 248 انجام شده است. مبلغ اعتبار در 3/16 به حساب واسطه واریز شده و در ساعت 22/52 روز 3/18 از حساب واسطه برداشت و خرید دین تسویه اتومات شده است. صورتحساب در قسمت pic موجود است. | اعتبار اسنادی | پذیرش و واریز وجه اسناد"
  },
  {
    "id": "ERR017",
    "title": "اعتبار اسنادی - بازپرداخت خریدار: خطای نامشخص در ثبت اطلاعات",
    "محیط": "اعتبار اسنادی",
    "گزینه": "بازپرداخت خریدار",
    "پیام خطا": "خطای نامشخص در ثبت اطلاعات",
    "علت ایجاد مشکل": "مورد اعلام شده رفع شد و به اطلاع کارشناس محترم بانک خانم علفی نیز رسید.",
    "روش رفع مشکل": "223407",
    "tags": [
      "بازپرداخت خریدار",
      "اعتبار اسنادی"
    ],
    "search": "خطای نامشخص در ثبت اطلاعات | مورد اعلام شده رفع شد و به اطلاع کارشناس محترم بانک خانم علفی نیز رسید. | 223407 | اعتبار اسنادی | بازپرداخت خریدار"
  },
  {
    "id": "ERR018",
    "title": "اعتبار اسنادی - دریافت و ابلاغ اعتبار: خطای نامشخص در ثبت اطلاعات",
    "محیط": "اعتبار اسنادی",
    "گزینه": "دریافت و ابلاغ اعتبار",
    "پیام خطا": "خطای نامشخص در ثبت اطلاعات",
    "علت ایجاد مشکل": "شماره حساب درج شده 0011414816002 اشتباه میباشد.\nلطفا شماره حساب صحیح وارد شود.",
    "روش رفع مشکل": "223439",
    "tags": [
      "دریافت و ابلاغ اعتبار",
      "اعتبار اسنادی"
    ],
    "search": "خطای نامشخص در ثبت اطلاعات | شماره حساب درج شده 0011414816002 اشتباه میباشد.\nلطفا شماره حساب صحیح وارد شود. | 223439 | اعتبار اسنادی | دریافت و ابلاغ اعتبار"
  },
  {
    "id": "ERR019",
    "title": "اعتبار اسنادی - ابطال در گشایش کننده: خطا در تایید نهایی، سریال ورودی نامعتبر است",
    "محیط": "اعتبار اسنادی",
    "گزینه": "ابطال در گشایش کننده",
    "پیام خطا": "خطا در تایید نهایی، سریال ورودی نامعتبر است",
    "علت ایجاد مشکل": "این خطا به دلیل وجود قانون بر روی حساب معرفی شده در سامانه بانک ایران میباشد،\nدر سامانه بانک ایران قانونی بر روی برخی حسابها تعریف شده است که هر گونه واریزی به آن حساب نیاز به شناسه پرداخت دارد\nراهکار : لطفا عملیات را به حالت تصحیح بازگردانده و حساب دیگری که قانون بر روی آن نباشد معرفی کنید.\nراهکار 2: موقتا قانون حساب از روی حساب مشتری برداشته شده ، عملیات اعتبارات انجام شده و مجددا قانون اعمال شود.\n\n\nبرای راهنمایی بیشتر با آقای اسدی در بانک صادرات تماس گرفته شود، ایشان تجربه موارد متعدد در این زمینه را دارند.\n\nهمچنین این مشکل خارج از سامانه اعتبارات اسنادی میباشد و گروه پروژه اعتبارات تنها دو پیشنهاد بالا را میتواند ارایه کند و قادر به حل مورد نمیباشد.",
    "روش رفع مشکل": "223394",
    "tags": [
      "ابطال در گشایش کننده",
      "اعتبار اسنادی"
    ],
    "search": "خطا در تایید نهایی، سریال ورودی نامعتبر است | این خطا به دلیل وجود قانون بر روی حساب معرفی شده در سامانه بانک ایران میباشد،\nدر سامانه بانک ایران قانونی بر روی برخی حسابها تعریف شده است که هر گونه واریزی به آن حساب نیاز به شناسه پرداخت دارد\nراهکار : لطفا عملیات را به حالت تصحیح بازگردانده و حساب دیگری که قانون بر روی آن نباشد معرفی کنید.\nراهکار 2: موقتا قانون حساب از روی حساب مشتری برداشته شده ، عملیات اعتبارات انجام شده و مجددا قانون اعمال شود.\n\n\nبرای راهنمایی بیشتر با آقای اسدی در بانک صادرات تماس گرفته شود، ایشان تجربه موارد متعدد در این زمینه را دارند.\n\nهمچنین این مشکل خارج از سامانه اعتبارات اسنادی میباشد و گروه پروژه اعتبارات تنها دو پیشنهاد بالا را میتواند ارایه کند و قادر به حل مورد نمیباشد. | 223394 | اعتبار اسنادی | ابطال در گشایش کننده"
  },
  {
    "id": "ERR020",
    "title": "اعتبار اسنادی - پذیرش اصلاحیه",
    "محیط": "اعتبار اسنادی",
    "گزینه": "پذیرش اصلاحیه",
    "پیام خطا": "شعبه اشتباها تابع رد اصلاحیه را اجرا کرده است و اکنون در تصحیح قراردارد.\nلطفا نسبت به حذف رکورد موقت رد اصلاحیه اقدام نمایید تا شعبه تابع پذیرش اصلاحیه را اجرا نماید.",
    "علت ایجاد مشکل": "رکورد موقت از سیستم حذف گردید.\nلازم به توضیح می باشد حذف رکوردهای موقت در اختیار ادمین سامانه از سمت بانک می باشد و نیاز به ثبت رخداد سمت شرکت نمی باشد.",
    "روش رفع مشکل": "",
    "tags": [
      "پذیرش اصلاحیه",
      "اعتبار اسنادی"
    ],
    "search": "شعبه اشتباها تابع رد اصلاحیه را اجرا کرده است و اکنون در تصحیح قراردارد.\nلطفا نسبت به حذف رکورد موقت رد اصلاحیه اقدام نمایید تا شعبه تابع پذیرش اصلاحیه را اجرا نماید. | رکورد موقت از سیستم حذف گردید.\nلازم به توضیح می باشد حذف رکوردهای موقت در اختیار ادمین سامانه از سمت بانک می باشد و نیاز به ثبت رخداد سمت شرکت نمی باشد. |  | اعتبار اسنادی | پذیرش اصلاحیه"
  },
  {
    "id": "ERR021",
    "title": "اعتبار اسنادی - ظهرنویسی: عدم دریافت شماره قرارداد بانک مرکزی در مرحله ظهرنویسی",
    "محیط": "اعتبار اسنادی",
    "گزینه": "ظهرنویسی",
    "پیام خطا": "عدم دریافت شماره قرارداد بانک مرکزی در مرحله ظهرنویسی",
    "علت ایجاد مشکل": "در خصوص اعتبارات دیداری برای دریافت شماره تسهیلات\nباید یک روز فاصله بین زمان ثبت غیر وصولی و عملیات ظهرنویسی باشد.\n\nثبت غیروصولی این اعتبار 1400/09/13 بوده است، لذا شماره تسهیلات فردا به آن اختصاص داده میشود.",
    "روش رفع مشکل": "222878",
    "tags": [
      "اعتبار اسنادی",
      "ظهرنویسی"
    ],
    "search": "عدم دریافت شماره قرارداد بانک مرکزی در مرحله ظهرنویسی | در خصوص اعتبارات دیداری برای دریافت شماره تسهیلات\nباید یک روز فاصله بین زمان ثبت غیر وصولی و عملیات ظهرنویسی باشد.\n\nثبت غیروصولی این اعتبار 1400/09/13 بوده است، لذا شماره تسهیلات فردا به آن اختصاص داده میشود. | 222878 | اعتبار اسنادی | ظهرنویسی"
  },
  {
    "id": "ERR022",
    "title": "اعتبار اسنادی - دریافت اسناد",
    "محیط": "اعتبار اسنادی",
    "گزینه": "دریافت اسناد",
    "پیام خطا": "شعبه کارگزار تابع دریافت اسناد را به مبلغ 3,258,907,321 ریال اجرا میکند اما با خطای زیر مواجه میگردد:\nمبلغ اسناد ارائه شده نمیتواند از مبلغ باقیمانده اعتبار با احتساب تلرانس بیشتر باشد\nدر صورتیکه مانده اعتبار پس از لحاظ کردن اصلاحیه کاهش مبلغ هم اکنون 3,258,907,321 و با احتساب تلرانس مبلغ 3.584.794.053 ریال میباشد.",
    "علت ایجاد مشکل": "مورد اعلام شده در خصوص اعتبار 0000400415895201 انجام شد",
    "روش رفع مشکل": "222863",
    "tags": [
      "دریافت اسناد",
      "اعتبار اسنادی"
    ],
    "search": "شعبه کارگزار تابع دریافت اسناد را به مبلغ 3,258,907,321 ریال اجرا میکند اما با خطای زیر مواجه میگردد:\nمبلغ اسناد ارائه شده نمیتواند از مبلغ باقیمانده اعتبار با احتساب تلرانس بیشتر باشد\nدر صورتیکه مانده اعتبار پس از لحاظ کردن اصلاحیه کاهش مبلغ هم اکنون 3,258,907,321 و با احتساب تلرانس مبلغ 3.584.794.053 ریال میباشد. | مورد اعلام شده در خصوص اعتبار 0000400415895201 انجام شد | 222863 | اعتبار اسنادی | دریافت اسناد"
  },
  {
    "id": "ERR023",
    "title": "اعتبار اسنادی - ثبت اعلام وصول اسناد",
    "محیط": "اعتبار اسنادی",
    "گزینه": "ثبت اعلام وصول اسناد",
    "پیام خطا": "در هنگام اجرای تابع \"ثبت اعلام وصول اسناد\" خطای زیر صادر میشود:\nثبت ورود اسناد به صندوق در بانک گشایش کننده انجام نشده است.\nدرحالیکه شعبه گشایش کننده تابع فوق را بصورت کامل انجام داده است",
    "علت ایجاد مشکل": "مورد اعلام شده در خصوص اعتبار 0449700434678173 انجام شد",
    "روش رفع مشکل": "222839",
    "tags": [
      "ثبت اعلام وصول اسناد",
      "اعتبار اسنادی"
    ],
    "search": "در هنگام اجرای تابع \"ثبت اعلام وصول اسناد\" خطای زیر صادر میشود:\nثبت ورود اسناد به صندوق در بانک گشایش کننده انجام نشده است.\nدرحالیکه شعبه گشایش کننده تابع فوق را بصورت کامل انجام داده است | مورد اعلام شده در خصوص اعتبار 0449700434678173 انجام شد | 222839 | اعتبار اسنادی | ثبت اعلام وصول اسناد"
  },
  {
    "id": "ERR024",
    "title": "اعتبار اسنادی - ذینفعان",
    "محیط": "اعتبار اسنادی",
    "گزینه": "ذینفعان",
    "پیام خطا": "هنگام گشایش رقم آخر شناسه ملی ذینفع در قسمت اطلاعات پایه / ذینفعان کمتر وارد شده است و گشایش بصورت کامل انجام و به بانک کارگزار (سپه) ارسال شده است.\nشناسه صحیح : 10100709826\nشناسه وارد شده : 01010070982\nاکنون کارگزار درخواست اصلاح شناسه در متن گشایش را دارد اما علی رغم اصلاح شناسه در قسمت ذینفعان همچنان شناسه اشتباه رویت میگردد.\nخواهشمند است راهنمایی نمایید.",
    "علت ایجاد مشکل": "مورد اعلام شده در خصوص اعتبار 0024700417850259 انجام شد",
    "روش رفع مشکل": "222422",
    "tags": [
      "ذینفعان",
      "اعتبار اسنادی"
    ],
    "search": "هنگام گشایش رقم آخر شناسه ملی ذینفع در قسمت اطلاعات پایه / ذینفعان کمتر وارد شده است و گشایش بصورت کامل انجام و به بانک کارگزار (سپه) ارسال شده است.\nشناسه صحیح : 10100709826\nشناسه وارد شده : 01010070982\nاکنون کارگزار درخواست اصلاح شناسه در متن گشایش را دارد اما علی رغم اصلاح شناسه در قسمت ذینفعان همچنان شناسه اشتباه رویت میگردد.\nخواهشمند است راهنمایی نمایید. | مورد اعلام شده در خصوص اعتبار 0024700417850259 انجام شد | 222422 | اعتبار اسنادی | ذینفعان"
  },
  {
    "id": "ERR025",
    "title": "اعتبار اسنادی - گشایش",
    "محیط": "اعتبار اسنادی",
    "گزینه": "گشایش",
    "پیام خطا": "مشکل چاپ در اعتبار اسنادی مرتفع نشده است و یا بصورت کلی حل نشده است.\nبصورت مثال شعبه 1833 قصد دریافت و ابلاغ اعتبار فوق را دارد اما موفق به چاپ نمی شود.\nبا توجه به گستردگی تماسها خواهشمند است پیگیری نمایید.",
    "علت ایجاد مشکل": "ا سلام و احترام با توجه به دریافت نامه از بانک صادرات - از مسیر نامه انجام میشود. با سپاس\nشماره نامه = 1400/815046",
    "روش رفع مشکل": "222318 و 222302",
    "tags": [
      "گشایش",
      "اعتبار اسنادی"
    ],
    "search": "مشکل چاپ در اعتبار اسنادی مرتفع نشده است و یا بصورت کلی حل نشده است.\nبصورت مثال شعبه 1833 قصد دریافت و ابلاغ اعتبار فوق را دارد اما موفق به چاپ نمی شود.\nبا توجه به گستردگی تماسها خواهشمند است پیگیری نمایید. | ا سلام و احترام با توجه به دریافت نامه از بانک صادرات - از مسیر نامه انجام میشود. با سپاس\nشماره نامه = 1400/815046 | 222318 و 222302 | اعتبار اسنادی | گشایش"
  },
  {
    "id": "ERR026",
    "title": "اعتبار اسنادی - ثبت بازپرداخت خریدار",
    "محیط": "اعتبار اسنادی",
    "گزینه": "ثبت بازپرداخت خریدار",
    "پیام خطا": "تسویه با فروشنده در سررسید اتوماتیک جهت پارتهای 2 و 3 اعتبار فوق در تاریخ 1400/07/29 انجام شده است.\nاکنون شعبه قصد اجرای گزینه بازپرداخت خریدار را دارد اما در کارتابل دیده نمی شود.",
    "علت ایجاد مشکل": "مشکل به دلیل انجام عملیات فروشنده در سررسید به صورت دستی توسط همکاران بانک و نگهداشتن رکورد در مرحله تصحیح در تاریخ 29 مهر 1400 بوده است. خواهشمند است در صورتی که تسویه با فروشنده در سررسید به صورت خودکار انجام می‌شود، از انجام این عملیات قبل از سررسید و نگهداشتن رکورد در مرحله تصحصح خودداری شود و یا در صورت انجام این عمل، رکورد موقت تولید شده توسط ادمین سیستم در قسمت مدیریت سیستم حذف شود.",
    "روش رفع مشکل": "222279",
    "tags": [
      "اعتبار اسنادی",
      "ثبت بازپرداخت خریدار"
    ],
    "search": "تسویه با فروشنده در سررسید اتوماتیک جهت پارتهای 2 و 3 اعتبار فوق در تاریخ 1400/07/29 انجام شده است.\nاکنون شعبه قصد اجرای گزینه بازپرداخت خریدار را دارد اما در کارتابل دیده نمی شود. | مشکل به دلیل انجام عملیات فروشنده در سررسید به صورت دستی توسط همکاران بانک و نگهداشتن رکورد در مرحله تصحیح در تاریخ 29 مهر 1400 بوده است. خواهشمند است در صورتی که تسویه با فروشنده در سررسید به صورت خودکار انجام می‌شود، از انجام این عملیات قبل از سررسید و نگهداشتن رکورد در مرحله تصحصح خودداری شود و یا در صورت انجام این عمل، رکورد موقت تولید شده توسط ادمین سیستم در قسمت مدیریت سیستم حذف شود. | 222279 | اعتبار اسنادی | ثبت بازپرداخت خریدار"
  },
  {
    "id": "ERR027",
    "title": "اعتبار اسنادی - ابطال اعتبار",
    "محیط": "اعتبار اسنادی",
    "گزینه": "ابطال اعتبار",
    "پیام خطا": "شعبه 3760 قصد ابطال اعتبار فوق را دارد که با خطای زیر مواجه می شود:\n\" این اعتبار دارای اصلاحیه /پیش پرداخت ارسالی از سمت گشایش کننده می باشد و قابل ابطال نیست\"\nهمچنین در هنگام اجرای تابع ثبت واریز پیش پرداخت به ذینفع خطای زیر صادر می شود:\n\"پیش پرداختی برای واریز به ذینفع موجود نمیباشد\"\nهم اکنون شعبه قصد ابطال اعتبار را دارد.",
    "علت ایجاد مشکل": "مورد اعلام شده در خصوص اعتبار 0195597402158896 انجام شد",
    "روش رفع مشکل": "222137",
    "tags": [
      "ابطال اعتبار",
      "اعتبار اسنادی"
    ],
    "search": "شعبه 3760 قصد ابطال اعتبار فوق را دارد که با خطای زیر مواجه می شود:\n\" این اعتبار دارای اصلاحیه /پیش پرداخت ارسالی از سمت گشایش کننده می باشد و قابل ابطال نیست\"\nهمچنین در هنگام اجرای تابع ثبت واریز پیش پرداخت به ذینفع خطای زیر صادر می شود:\n\"پیش پرداختی برای واریز به ذینفع موجود نمیباشد\"\nهم اکنون شعبه قصد ابطال اعتبار را دارد. | مورد اعلام شده در خصوص اعتبار 0195597402158896 انجام شد | 222137 | اعتبار اسنادی | ابطال اعتبار"
  },
  {
    "id": "ERR028",
    "title": "اعتبار اسنادی - گشایش",
    "محیط": "اعتبار اسنادی",
    "گزینه": "گشایش",
    "پیام خطا": "اعتبار فوق توسط شعبه 18 گشایش شده و توسط کارگزار 3555 نیز دریافت و ابلاغ شده اما در قسمت گشایش معتبر شعبه 18 دیده نمی شود.",
    "علت ایجاد مشکل": "با توجه به این که سندی در بانک گشایش کننده برای گشایش اعتبار 0001800459535413 صادر نشده است و رکوردی مبنی بر انجام عملیات در شعبه 0018 وجود ندارد، باید درخواستی مبنی بر برگشت تمامی اسناد این اعتبار (یعنی سند صادر شده در بانک ابلاغ کننده) و پاک شدن اطلاعات آن در سامانه داده شود.\n\nو برای مشتری از ابتدا درخواست شماره اعتبار شود و اعتبار جدیدی صادر شود.\n\nلطفا برای این اعتبار ، هیچ عملیاتی در بانک ابلاغ کننده انجام نشود، چون این عملیات نیز بعدا باید برگشت داده شوند.",
    "روش رفع مشکل": "222104",
    "tags": [
      "گشایش",
      "اعتبار اسنادی"
    ],
    "search": "اعتبار فوق توسط شعبه 18 گشایش شده و توسط کارگزار 3555 نیز دریافت و ابلاغ شده اما در قسمت گشایش معتبر شعبه 18 دیده نمی شود. | با توجه به این که سندی در بانک گشایش کننده برای گشایش اعتبار 0001800459535413 صادر نشده است و رکوردی مبنی بر انجام عملیات در شعبه 0018 وجود ندارد، باید درخواستی مبنی بر برگشت تمامی اسناد این اعتبار (یعنی سند صادر شده در بانک ابلاغ کننده) و پاک شدن اطلاعات آن در سامانه داده شود.\n\nو برای مشتری از ابتدا درخواست شماره اعتبار شود و اعتبار جدیدی صادر شود.\n\nلطفا برای این اعتبار ، هیچ عملیاتی در بانک ابلاغ کننده انجام نشود، چون این عملیات نیز بعدا باید برگشت داده شوند. | 222104 | اعتبار اسنادی | گشایش"
  },
  {
    "id": "ERR029",
    "title": "اعتبار اسنادی",
    "محیط": "اعتبار اسنادی",
    "گزینه": "",
    "پیام خطا": "شرح خطا: شماره مشتری در زمان گشایش 0011009073 بوده که بعد از گشایش با نعریف مشتری 0348579319 یکسان سازی شده است.\nپیام خطا:\nحساب 0100409551005 برای صاحب حساب0011009073 نمیباشد",
    "علت ایجاد مشکل": "مورد اعلام شده در خصوص اعتبار 0023999410086075 انجام شد",
    "روش رفع مشکل": "221962",
    "tags": [
      "اعتبار اسنادی"
    ],
    "search": "شرح خطا: شماره مشتری در زمان گشایش 0011009073 بوده که بعد از گشایش با نعریف مشتری 0348579319 یکسان سازی شده است.\nپیام خطا:\nحساب 0100409551005 برای صاحب حساب0011009073 نمیباشد | مورد اعلام شده در خصوص اعتبار 0023999410086075 انجام شد | 221962 | اعتبار اسنادی | "
  },
  {
    "id": "ERR030",
    "title": "اعتبار اسنادی - ثبت هزینه قانونی",
    "محیط": "اعتبار اسنادی",
    "گزینه": "ثبت هزینه قانونی",
    "پیام خطا": "سررسید پرداخت اعتبار 14001/09/16 بوده و همان تاریخ وارد تسهیلات شده است.\nاکنون در سرفصل غیر جاری بوده و شعبه قصد ثبت هزینه قانونی دارد اما اعتبار در تابع صدور هزینه قانونی دیده نمیشود",
    "علت ایجاد مشکل": "مورد اعلام شده در خصوص اعتبار 0012800416462350 انجام شد",
    "روش رفع مشکل": "",
    "tags": [
      "ثبت هزینه قانونی",
      "اعتبار اسنادی"
    ],
    "search": "سررسید پرداخت اعتبار 14001/09/16 بوده و همان تاریخ وارد تسهیلات شده است.\nاکنون در سرفصل غیر جاری بوده و شعبه قصد ثبت هزینه قانونی دارد اما اعتبار در تابع صدور هزینه قانونی دیده نمیشود | مورد اعلام شده در خصوص اعتبار 0012800416462350 انجام شد |  | اعتبار اسنادی | ثبت هزینه قانونی"
  },
  {
    "id": "ERR031",
    "title": "اعتبار اسنادی - حذف رکوردموقت",
    "محیط": "اعتبار اسنادی",
    "گزینه": "حذف رکوردموقت",
    "پیام خطا": "شعبه در هنگام اجرای تابع پذیرش اصلاحیه اعتبار با خطای \"خطای سیستمی ، رکورد اصلی توسط تراکنش دیگری قفل گردیده است \" مواجه میشود.\nلطفا رکورد موقت موجود در تصحیح ورود اسناد را حذف نمایید.",
    "علت ایجاد مشکل": "در موارد مشابه این مساله بدون ثبت رخداد و توسط ادمین بانک قابل حل میباشد،\nبه این ترتیب که ابتدا رکورد موقت به امضای دو منتقل شود و سپس در\n\nبخش مدیریت -- > عملیات سیستمی شعب --> حذف رکوردهای موقت\n\nرکورد مورد نظر توسط ادمین سیستم قابل حذف میباشد.",
    "روش رفع مشکل": "",
    "tags": [
      "حذف رکوردموقت",
      "اعتبار اسنادی"
    ],
    "search": "شعبه در هنگام اجرای تابع پذیرش اصلاحیه اعتبار با خطای \"خطای سیستمی ، رکورد اصلی توسط تراکنش دیگری قفل گردیده است \" مواجه میشود.\nلطفا رکورد موقت موجود در تصحیح ورود اسناد را حذف نمایید. | در موارد مشابه این مساله بدون ثبت رخداد و توسط ادمین بانک قابل حل میباشد،\nبه این ترتیب که ابتدا رکورد موقت به امضای دو منتقل شود و سپس در\n\nبخش مدیریت -- > عملیات سیستمی شعب --> حذف رکوردهای موقت\n\nرکورد مورد نظر توسط ادمین سیستم قابل حذف میباشد. |  | اعتبار اسنادی | حذف رکوردموقت"
  },
  {
    "id": "ERR032",
    "title": "اعتبار اسنادی - بازپرداخت خریدار",
    "محیط": "اعتبار اسنادی",
    "گزینه": "بازپرداخت خریدار",
    "پیام خطا": "هنگام اجرای تابع بازپرداخت خریدار پیغام خطای \"تاریخ سررسید پرداخت گذشته است. ابتدا تابع سررسید را اجرا نمایید\" صادر میشود\nهنگام اجرای تابه تسویه با فروشنده در سررسید خطای \"با توجه به گذشتن تاریخ سررسید پارت و عدم تسویه بدهی توسط مشتری، یاید مشتری وارد تسهیلات گردد\" صادر میگردد\nاین در حالی است که شعبه روز گذشته 28 تیرماه توانسته است دومرحله بازپرداخت خریدار را اجرا کند",
    "علت ایجاد مشکل": "تاریخ سررسید اعتبار 27 تیرماه بوده است که به دلیل این که تعطیل رسمی بوده است در اولین تاریخ غیر تعطیل پس از آن اجازه بازپرداخت به مشتری داده است و عملکرد سیستم درست بوده است ،در 29 تیرماه با توجه به گذشتن تاریخ سررسید (و نیز مهلت یک روز به دلیل تعطیلی) ، مشتری باید وارد تسهیلات شود.",
    "روش رفع مشکل": "",
    "tags": [
      "بازپرداخت خریدار",
      "اعتبار اسنادی"
    ],
    "search": "هنگام اجرای تابع بازپرداخت خریدار پیغام خطای \"تاریخ سررسید پرداخت گذشته است. ابتدا تابع سررسید را اجرا نمایید\" صادر میشود\nهنگام اجرای تابه تسویه با فروشنده در سررسید خطای \"با توجه به گذشتن تاریخ سررسید پارت و عدم تسویه بدهی توسط مشتری، یاید مشتری وارد تسهیلات گردد\" صادر میگردد\nاین در حالی است که شعبه روز گذشته 28 تیرماه توانسته است دومرحله بازپرداخت خریدار را اجرا کند | تاریخ سررسید اعتبار 27 تیرماه بوده است که به دلیل این که تعطیل رسمی بوده است در اولین تاریخ غیر تعطیل پس از آن اجازه بازپرداخت به مشتری داده است و عملکرد سیستم درست بوده است ،در 29 تیرماه با توجه به گذشتن تاریخ سررسید (و نیز مهلت یک روز به دلیل تعطیلی) ، مشتری باید وارد تسهیلات شود. |  | اعتبار اسنادی | بازپرداخت خریدار"
  },
  {
    "id": "ERR033",
    "title": "اعتبار اسنادی - تسویه با فروشنده در سررسید",
    "محیط": "اعتبار اسنادی",
    "گزینه": "تسویه با فروشنده در سررسید",
    "پیام خطا": "خطا در استعلام پیام ساتنا : عدم ارائه سرویس توسط بانک مقصد\nدر تابع تسویه با فروشنده در سررسید",
    "علت ایجاد مشکل": "لطفا مجدد تست کنید و اگر مشکلی وجود داشت ، ساتنای بانک مقصد مشکل دارد.",
    "روش رفع مشکل": "",
    "tags": [
      "تسویه با فروشنده در سررسید",
      "اعتبار اسنادی"
    ],
    "search": "خطا در استعلام پیام ساتنا : عدم ارائه سرویس توسط بانک مقصد\nدر تابع تسویه با فروشنده در سررسید | لطفا مجدد تست کنید و اگر مشکلی وجود داشت ، ساتنای بانک مقصد مشکل دارد. |  | اعتبار اسنادی | تسویه با فروشنده در سررسید"
  },
  {
    "id": "ERR034",
    "title": "اعتبار اسنادی - بازپرداخت خریدار",
    "محیط": "اعتبار اسنادی",
    "گزینه": "بازپرداخت خریدار",
    "پیام خطا": "شعبه در تاریخ 1400/5/25 بجای تابع بازپرداخت خریدار اقدام به اجرای تابع افزایش پیش دریافت نموده و مبلغ را از حساب مشتری کسر کرده است.\nاکنون قصد تسویه اعتبار را دارد اما مبلغ دریافتی فوق در محاسبات لحاظ نمیگردد.",
    "علت ایجاد مشکل": "ابع افزایش پیش دریافت به منزله افزایش میان دریافت نمیباشد و در تسویه یا بازپرداخت در نظر گرفته نمیشود.\nو کاربر نباید با فرض این موضوع که میان دریافت افزوده میشود از این تابع استفاده نماید.\nدرصورت نیاز به راهنمایی بیشتر و  تعیین تکلیف مبلغ دریافتی ، با اقای اسدی کارشناس محترم بانک صادرت تماس حاصل فرمایید.\nلازم به ذکر است که درتابع افزایش پیش دریافت ، مبلغ کلی پیش دریافت برای اعتبار (و نه یک پارت خاص) افزوده میشود.",
    "روش رفع مشکل": "راه اول اینکه مشتری مبلغ را پرداخت کند . بعد از ابطال اعتبار مبلغ پیش دریافت دریافتی (اضافه) به حساب مشتری عودت میشود.        راه دوم اینکه با آقای اسدی جهت حذف تراکنش مکاتبه کند. 315359",
    "tags": [
      "بازپرداخت خریدار",
      "اعتبار اسنادی"
    ],
    "search": "شعبه در تاریخ 1400/5/25 بجای تابع بازپرداخت خریدار اقدام به اجرای تابع افزایش پیش دریافت نموده و مبلغ را از حساب مشتری کسر کرده است.\nاکنون قصد تسویه اعتبار را دارد اما مبلغ دریافتی فوق در محاسبات لحاظ نمیگردد. | ابع افزایش پیش دریافت به منزله افزایش میان دریافت نمیباشد و در تسویه یا بازپرداخت در نظر گرفته نمیشود.\nو کاربر نباید با فرض این موضوع که میان دریافت افزوده میشود از این تابع استفاده نماید.\nدرصورت نیاز به راهنمایی بیشتر و  تعیین تکلیف مبلغ دریافتی ، با اقای اسدی کارشناس محترم بانک صادرت تماس حاصل فرمایید.\nلازم به ذکر است که درتابع افزایش پیش دریافت ، مبلغ کلی پیش دریافت برای اعتبار (و نه یک پارت خاص) افزوده میشود. | راه اول اینکه مشتری مبلغ را پرداخت کند . بعد از ابطال اعتبار مبلغ پیش دریافت دریافتی (اضافه) به حساب مشتری عودت میشود.        راه دوم اینکه با آقای اسدی جهت حذف تراکنش مکاتبه کند. 315359 | اعتبار اسنادی | بازپرداخت خریدار"
  },
  {
    "id": "ERR035",
    "title": "اعتبار اسنادی - اصلاحیه نامعتبر: INVALID کد اعتبارات اسنادي فعال نميباشد",
    "محیط": "اعتبار اسنادی",
    "گزینه": "اصلاحیه نامعتبر",
    "پیام خطا": "INVALID کد اعتبارات اسنادي فعال نميباشد",
    "علت ایجاد مشکل": "با توجه به پیامی که از سمت سپام دریافت شده است، برای اعتبار اسنادی ذکر شده از سمت بانک کارگزار تنزیل انجام شده است. از سمت بانک کارگزار پیگیری را نمایید.",
    "روش رفع مشکل": "گشایش کننده اصلاحیه صادر میکرد اما نامعتبر میشد تیکت 320059",
    "tags": [
      "اصلاحیه نامعتبر",
      "اعتبار اسنادی"
    ],
    "search": "INVALID کد اعتبارات اسنادي فعال نميباشد | با توجه به پیامی که از سمت سپام دریافت شده است، برای اعتبار اسنادی ذکر شده از سمت بانک کارگزار تنزیل انجام شده است. از سمت بانک کارگزار پیگیری را نمایید. | گشایش کننده اصلاحیه صادر میکرد اما نامعتبر میشد تیکت 320059 | اعتبار اسنادی | اصلاحیه نامعتبر"
  },
  {
    "id": "ERR036",
    "title": "اعتبار اسنادی - پذیرش و واریز وجه اسناد",
    "محیط": "اعتبار اسنادی",
    "گزینه": "پذیرش و واریز وجه اسناد",
    "پیام خطا": "شماره حساب ذینفع برای واریز باید همان شماره حساب معرفی شده در طرح طراوت باشد",
    "علت ایجاد مشکل": "طبق توافق انجام شده در طرح طراوت هنگام واریز وجه در شعبه کارگزار، شماره حساب اعلام شده باید با شماره حساب اعلام شده برای این اعتبار و پارت در هنگام وثیقه شدن باشد.\n\nدر زمان گشایش اعتبار 0421400429975337 ، اعتبار و پارت ذکر شده در رخداد وثیقه شده اند و شماره حساب معرفی شده در زمان گشایش نیز 0207694343008  بوده است ، اما در زمان واریز وجه در بانک کارگزار شماره حساب 0215932089002 معرفی شده است و سیستم به همین دلیل خطا میدهد. لذا با تصحیح شماره حساب خطا برطرف میشود.\n\n\nلطفا با توجه به واضح بودن پیام خطا در این مورد، شماره حساب اعلام شده در زمان گشایش توسط کاربر بانک کنترل شود و از اعلام این موضوع به صورت رخداد خودداری شود.",
    "روش رفع مشکل": "طبق هماهنگی با آقای اسدی، شماره حساب صحیح درگشایش اعتبار درج شد. 243224",
    "tags": [
      "اعتبار اسنادی",
      "پذیرش و واریز وجه اسناد"
    ],
    "search": "شماره حساب ذینفع برای واریز باید همان شماره حساب معرفی شده در طرح طراوت باشد | طبق توافق انجام شده در طرح طراوت هنگام واریز وجه در شعبه کارگزار، شماره حساب اعلام شده باید با شماره حساب اعلام شده برای این اعتبار و پارت در هنگام وثیقه شدن باشد.\n\nدر زمان گشایش اعتبار 0421400429975337 ، اعتبار و پارت ذکر شده در رخداد وثیقه شده اند و شماره حساب معرفی شده در زمان گشایش نیز 0207694343008  بوده است ، اما در زمان واریز وجه در بانک کارگزار شماره حساب 0215932089002 معرفی شده است و سیستم به همین دلیل خطا میدهد. لذا با تصحیح شماره حساب خطا برطرف میشود.\n\n\nلطفا با توجه به واضح بودن پیام خطا در این مورد، شماره حساب اعلام شده در زمان گشایش توسط کاربر بانک کنترل شود و از اعلام این موضوع به صورت رخداد خودداری شود. | طبق هماهنگی با آقای اسدی، شماره حساب صحیح درگشایش اعتبار درج شد. 243224 | اعتبار اسنادی | پذیرش و واریز وجه اسناد"
  },
  {
    "id": "ERR037",
    "title": "اعتبار اسنادی - تسویه با فروشنده در سررسید",
    "محیط": "اعتبار اسنادی",
    "گزینه": "تسویه با فروشنده در سررسید",
    "پیام خطا": "شعبه در تاریخ 1400/5/25 بجای تابع بازپرداخت خریدار اقدام به اجرای تابع افزایش پیش دریافت نموده و مبلغ را از حساب مشتری کسر کرده است.\nاکنون قصد تسویه اعتبار را دارد اما مبلغ دریافتی فوق در محاسبات لحاظ نمیگردد.",
    "علت ایجاد مشکل": "تابع افزایش پیش دریافت به منزله افزایش میان دریافت نمیباشد و در تسویه یا بازپرداخت در نظر گرفته نمیشود.\nو کاربر نباید با فرض این موضوع که میان دریافت افزوده میشود از این تابع استفاده نماید.\nدرصورت نیاز به راهنمایی بیشتر و  تعیین تکلیف مبلغ دریافتی ، با اقای اسدی کارشناس محترم بانک صادرت تماس حاصل فرمایید.\n\n\nلازم به ذکر است که درتابع افزایش پیش دریافت ، مبلغ کلی پیش دریافت برای اعتبار (و نه یک پارت خاص) افزوده میشود.",
    "روش رفع مشکل": "پیش دریافت اخذ شده (مازاد) در هنگام اجرای تابع ابطال به حساب مشتری عودت میگردد",
    "tags": [
      "تسویه با فروشنده در سررسید",
      "اعتبار اسنادی"
    ],
    "search": "شعبه در تاریخ 1400/5/25 بجای تابع بازپرداخت خریدار اقدام به اجرای تابع افزایش پیش دریافت نموده و مبلغ را از حساب مشتری کسر کرده است.\nاکنون قصد تسویه اعتبار را دارد اما مبلغ دریافتی فوق در محاسبات لحاظ نمیگردد. | تابع افزایش پیش دریافت به منزله افزایش میان دریافت نمیباشد و در تسویه یا بازپرداخت در نظر گرفته نمیشود.\nو کاربر نباید با فرض این موضوع که میان دریافت افزوده میشود از این تابع استفاده نماید.\nدرصورت نیاز به راهنمایی بیشتر و  تعیین تکلیف مبلغ دریافتی ، با اقای اسدی کارشناس محترم بانک صادرت تماس حاصل فرمایید.\n\n\nلازم به ذکر است که درتابع افزایش پیش دریافت ، مبلغ کلی پیش دریافت برای اعتبار (و نه یک پارت خاص) افزوده میشود. | پیش دریافت اخذ شده (مازاد) در هنگام اجرای تابع ابطال به حساب مشتری عودت میگردد | اعتبار اسنادی | تسویه با فروشنده در سررسید"
  },
  {
    "id": "ERR038",
    "title": "اعتبار اسنادی - تسویه با فروشنده در سررسید",
    "محیط": "اعتبار اسنادی",
    "گزینه": "تسویه با فروشنده در سررسید",
    "پیام خطا": "گشایش در اسفند1399 به طرفیت بانک انصار با کد سپامی ansbirth311 صورت گرفته که این بانک در بانک سپه ادغام گردیده است و اکنون هنگام اجرای تابف تسویه با فروشنده در سررسید امضای یک خطای \"کد بانک گیرنده با شبا یکسان نیست\" صادر میشود.\nشماره شبای وارد شده IR420150001890822183044851 میباشد که متعلق به بانک ادغام گیرنده (سپه) میباشد",
    "علت ایجاد مشکل": "تغییرات لازم درخصوص اجرای تابع تسویه با فروشنده در سررسید انجام شد.",
    "روش رفع مشکل": "",
    "tags": [
      "تسویه با فروشنده در سررسید",
      "اعتبار اسنادی"
    ],
    "search": "گشایش در اسفند1399 به طرفیت بانک انصار با کد سپامی ansbirth311 صورت گرفته که این بانک در بانک سپه ادغام گردیده است و اکنون هنگام اجرای تابف تسویه با فروشنده در سررسید امضای یک خطای \"کد بانک گیرنده با شبا یکسان نیست\" صادر میشود.\nشماره شبای وارد شده IR420150001890822183044851 میباشد که متعلق به بانک ادغام گیرنده (سپه) میباشد | تغییرات لازم درخصوص اجرای تابع تسویه با فروشنده در سررسید انجام شد. |  | اعتبار اسنادی | تسویه با فروشنده در سررسید"
  },
  {
    "id": "ERR039",
    "title": "اعتبار اسنادی - دریافت و ابلاغ اعتبار",
    "محیط": "اعتبار اسنادی",
    "گزینه": "دریافت و ابلاغ اعتبار",
    "پیام خطا": "تعریف مشتری ذینفع 00228202412 میباشد. هنگام اجرای تابع دریافت و ابلاغ اعتبار خطای زیر دریافت میشود:\n\"--+لی / شناسه ملی ذینفع انتخاب شده در سیستم یافت نشد\"",
    "علت ایجاد مشکل": "در صفحه ابلاغ شماره مشتری در بخش اطلاعات ذینفع اشتباه وارد شده است\nلطفا شماره مشتری صحیح وارد شود\n0228202412 (یک صفر اضافه وارد شده است )",
    "روش رفع مشکل": "",
    "tags": [
      "دریافت و ابلاغ اعتبار",
      "اعتبار اسنادی"
    ],
    "search": "تعریف مشتری ذینفع 00228202412 میباشد. هنگام اجرای تابع دریافت و ابلاغ اعتبار خطای زیر دریافت میشود:\n\"--+لی / شناسه ملی ذینفع انتخاب شده در سیستم یافت نشد\" | در صفحه ابلاغ شماره مشتری در بخش اطلاعات ذینفع اشتباه وارد شده است\nلطفا شماره مشتری صحیح وارد شود\n0228202412 (یک صفر اضافه وارد شده است ) |  | اعتبار اسنادی | دریافت و ابلاغ اعتبار"
  },
  {
    "id": "ERR040",
    "title": "اعتبار اسنادی - پذیرش و واریز وجه اسناد",
    "محیط": "اعتبار اسنادی",
    "گزینه": "پذیرش و واریز وجه اسناد",
    "پیام خطا": "عملیات واریز وجه در بانک گشایش کننده انجام نشده است\" در تابع ثبت پذیرش و واریز وجه اسناد\nمطابق اعلام شعبه عملیات تعیین وضعیت با شناسه درست انجام شده است",
    "علت ایجاد مشکل": "به صورت \"پیش پرداخت\" تعیین وضعیت شده است که اشتباه میباشد.\nتصحیح شد.",
    "روش رفع مشکل": "ثبت تیکت A70559",
    "tags": [
      "اعتبار اسنادی",
      "پذیرش و واریز وجه اسناد"
    ],
    "search": "عملیات واریز وجه در بانک گشایش کننده انجام نشده است\" در تابع ثبت پذیرش و واریز وجه اسناد\nمطابق اعلام شعبه عملیات تعیین وضعیت با شناسه درست انجام شده است | به صورت \"پیش پرداخت\" تعیین وضعیت شده است که اشتباه میباشد.\nتصحیح شد. | ثبت تیکت A70559 | اعتبار اسنادی | پذیرش و واریز وجه اسناد"
  },
  {
    "id": "ERR041",
    "title": "اعتبار اسنادی - پذیرش و واریز وجه اسناد: خطای نامشخص در ثبت اطلاعات",
    "محیط": "اعتبار اسنادی",
    "گزینه": "پذیرش و واریز وجه اسناد",
    "پیام خطا": "خطای نامشخص در ثبت اطلاعات",
    "علت ایجاد مشکل": "نا مشخص",
    "روش رفع مشکل": "ثبت تیکت A70687",
    "tags": [
      "اعتبار اسنادی",
      "پذیرش و واریز وجه اسناد"
    ],
    "search": "خطای نامشخص در ثبت اطلاعات | نا مشخص | ثبت تیکت A70687 | اعتبار اسنادی | پذیرش و واریز وجه اسناد"
  },
  {
    "id": "ERR042",
    "title": "اعتبار اسنادی - پذیرش/عدم پذیرش اصلاحیه",
    "محیط": "اعتبار اسنادی",
    "گزینه": "پذیرش/عدم پذیرش اصلاحیه",
    "پیام خطا": "تاریخ انقضای اعتبار 14011102 بوده و بانک گشایش کننده در تاریخ 14011201 اقدام به صدور اصلاحیه نموده است. شعبه کارگزار دریافت اصلاحیه را انجام داده اما اکنون در پذیرش و یا عدم پذیرش ناموفق می باشد.\nدر صورت انتخاب تاریخ پذیرش 14011201 پیغام \"تاریخ پذیرش اصلاحیه باید کوچکتر یا مساوی تاریخ انقضاء باشد\" دریافت شده و در صورت انتخاب تاریخ پذیرش 14011102 با خطای \"تاریخ پذیرش اصلاحیه باید بزرگتر مساوی تاریخ اصلاحیه باشد\" مواجه میگردد.",
    "علت ایجاد مشکل": "در سامانه سپام در صورت منقضی شدن اعتبار، تمامی پیامهای سپام نامعتبر خواهد شد و\nاز این رو در سامانه نیز پس از منقضی شدن اعتبار نمیتوان عملیات اصلاحیه و یا پذیر و رد آن را انجام داد.\n\nلذا عملیات تغییر تاریخ انقضای اعتبار در بخش مدیریت سیستم در اختیار ادمین سیستم (آقای اسدی و همکاران ایشان) قرار داده شده است.",
    "روش رفع مشکل": "",
    "tags": [
      "اعتبار اسنادی",
      "پذیرش/عدم پذیرش اصلاحیه"
    ],
    "search": "تاریخ انقضای اعتبار 14011102 بوده و بانک گشایش کننده در تاریخ 14011201 اقدام به صدور اصلاحیه نموده است. شعبه کارگزار دریافت اصلاحیه را انجام داده اما اکنون در پذیرش و یا عدم پذیرش ناموفق می باشد.\nدر صورت انتخاب تاریخ پذیرش 14011201 پیغام \"تاریخ پذیرش اصلاحیه باید کوچکتر یا مساوی تاریخ انقضاء باشد\" دریافت شده و در صورت انتخاب تاریخ پذیرش 14011102 با خطای \"تاریخ پذیرش اصلاحیه باید بزرگتر مساوی تاریخ اصلاحیه باشد\" مواجه میگردد. | در سامانه سپام در صورت منقضی شدن اعتبار، تمامی پیامهای سپام نامعتبر خواهد شد و\nاز این رو در سامانه نیز پس از منقضی شدن اعتبار نمیتوان عملیات اصلاحیه و یا پذیر و رد آن را انجام داد.\n\nلذا عملیات تغییر تاریخ انقضای اعتبار در بخش مدیریت سیستم در اختیار ادمین سیستم (آقای اسدی و همکاران ایشان) قرار داده شده است. |  | اعتبار اسنادی | پذیرش/عدم پذیرش اصلاحیه"
  },
  {
    "id": "ERR043",
    "title": "اعتبار اسنادی - اعلام وصول اسناد",
    "محیط": "اعتبار اسنادی",
    "گزینه": "اعلام وصول اسناد",
    "پیام خطا": "تکمیل اطلاعات این بخش منوط به دریافت تاییدیه وصول اسناد حمل از سوی بانک گشایش کننده میباشد",
    "علت ایجاد مشکل": "خالی بودن فیلد \"شماره نامه /سپام وصول پارت از گشایش کننده \"",
    "روش رفع مشکل": "",
    "tags": [
      "اعلام وصول اسناد",
      "اعتبار اسنادی"
    ],
    "search": "تکمیل اطلاعات این بخش منوط به دریافت تاییدیه وصول اسناد حمل از سوی بانک گشایش کننده میباشد | خالی بودن فیلد \"شماره نامه /سپام وصول پارت از گشایش کننده \" |  | اعتبار اسنادی | اعلام وصول اسناد"
  },
  {
    "id": "ERR044",
    "title": "اعتبار اسنادی - گشایش",
    "محیط": "اعتبار اسنادی",
    "گزینه": "گشایش",
    "پیام خطا": "اعتبار دیروز به علت چک برگشتی نامعتبر شده بود و امروز علی رغم رفع مشکل چک برگشتی در هیچ کدام از \"اعتبار معتبر\" و \"اعتبار نامعتبر\" دیده نمیشود.",
    "علت ایجاد مشکل": "اعتبار اعلام شده از سوی Admin برگشت داده شده ، به همین علت قابل رویت نیست.",
    "روش رفع مشکل": "A76531",
    "tags": [
      "گشایش",
      "اعتبار اسنادی"
    ],
    "search": "اعتبار دیروز به علت چک برگشتی نامعتبر شده بود و امروز علی رغم رفع مشکل چک برگشتی در هیچ کدام از \"اعتبار معتبر\" و \"اعتبار نامعتبر\" دیده نمیشود. | اعتبار اعلام شده از سوی Admin برگشت داده شده ، به همین علت قابل رویت نیست. | A76531 | اعتبار اسنادی | گشایش"
  },
  {
    "id": "ERR045",
    "title": "اعتبار اسنادی - چاپ پیام آزاد",
    "محیط": "اعتبار اسنادی",
    "گزینه": "چاپ پیام آزاد",
    "پیام خطا": "پیام آزاد با شماره ارجاع BLCBTEJ0036314011220000207607 دریافت شده اما در هنگام چاپ با خطای No Message Found مواجه شده و صفحه چاپ سفید است.\nتصویر چاپ به پیوست ارسال میگردد.",
    "علت ایجاد مشکل": "در سامانه اعتبارات اسنادی تنها پیام های درون بانکی که توسط خود سامانه تولید شده است و در جداول سامانه موجود می باشد امکان چاپ دارد و پیام های سایر بانک ها به دلیل اینکه در جداول وجود ندارد امکان چاپ ندارد و تنها این پیام ها در مانیتورینگ پیامها یا پیام های آزاد دریافتی قابل مشاهده می باشد.",
    "روش رفع مشکل": "A76499",
    "tags": [
      "چاپ پیام آزاد",
      "اعتبار اسنادی"
    ],
    "search": "پیام آزاد با شماره ارجاع BLCBTEJ0036314011220000207607 دریافت شده اما در هنگام چاپ با خطای No Message Found مواجه شده و صفحه چاپ سفید است.\nتصویر چاپ به پیوست ارسال میگردد. | در سامانه اعتبارات اسنادی تنها پیام های درون بانکی که توسط خود سامانه تولید شده است و در جداول سامانه موجود می باشد امکان چاپ دارد و پیام های سایر بانک ها به دلیل اینکه در جداول وجود ندارد امکان چاپ ندارد و تنها این پیام ها در مانیتورینگ پیامها یا پیام های آزاد دریافتی قابل مشاهده می باشد. | A76499 | اعتبار اسنادی | چاپ پیام آزاد"
  },
  {
    "id": "ERR046",
    "title": "اعتبار اسنادی - ابلاغ در کارگزار: شعبه موفق به رویت اعتبار در گزینه ابلاغ نیست",
    "محیط": "اعتبار اسنادی",
    "گزینه": "ابلاغ در کارگزار",
    "پیام خطا": "شعبه موفق به رویت اعتبار در گزینه ابلاغ نیست",
    "علت ایجاد مشکل": "در صورت عدم وجود بانک کارگزار در سامانه اعتبارات اسنادی ریالی ،\nاطلاعات بانک ارسال کننده پیام سپام\n(نام بانک - نام شعبه - کدشعبه و کد سپام)\nبرای درج در سامانه\nاعلام گردد.",
    "روش رفع مشکل": "",
    "tags": [
      "اعتبار اسنادی",
      "ابلاغ در کارگزار"
    ],
    "search": "شعبه موفق به رویت اعتبار در گزینه ابلاغ نیست | در صورت عدم وجود بانک کارگزار در سامانه اعتبارات اسنادی ریالی ،\nاطلاعات بانک ارسال کننده پیام سپام\n(نام بانک - نام شعبه - کدشعبه و کد سپام)\nبرای درج در سامانه\nاعلام گردد. |  | اعتبار اسنادی | ابلاغ در کارگزار"
  },
  {
    "id": "ERR047",
    "title": "اعتبار اسنادی - پذیرش و واریز وجه اسناد",
    "محیط": "اعتبار اسنادی",
    "گزینه": "پذیرش و واریز وجه اسناد",
    "پیام خطا": "در هنگام اجرای تابع پذیرش و واریز وجه اسناد با خطای ذیل مواجه میشود:\n99 خطا در تایید نهایی اطلاعات:\n\nA schema validation error has occurred while parsing the xml document..........................\n\nلازم به ذکر است حساب سپهری 0116840569006 کنترل گردید و هیچ مشکلی از جهت کسرموجودی جهت برداشت کارمزد بررسی اسناد و یا وجود مسدوی و دستورالعمل و قانون حساب وجود ندارد.",
    "علت ایجاد مشکل": "شناسه پرداخت ثبت شده برای اعتبار اعلام شده 16 رقمی می باشد.شناسه پرداخت باید 15 رقمی شود.",
    "روش رفع مشکل": "",
    "tags": [
      "اعتبار اسنادی",
      "پذیرش و واریز وجه اسناد"
    ],
    "search": "در هنگام اجرای تابع پذیرش و واریز وجه اسناد با خطای ذیل مواجه میشود:\n99 خطا در تایید نهایی اطلاعات:\n\nA schema validation error has occurred while parsing the xml document..........................\n\nلازم به ذکر است حساب سپهری 0116840569006 کنترل گردید و هیچ مشکلی از جهت کسرموجودی جهت برداشت کارمزد بررسی اسناد و یا وجود مسدوی و دستورالعمل و قانون حساب وجود ندارد. | شناسه پرداخت ثبت شده برای اعتبار اعلام شده 16 رقمی می باشد.شناسه پرداخت باید 15 رقمی شود. |  | اعتبار اسنادی | پذیرش و واریز وجه اسناد"
  },
  {
    "id": "ERR048",
    "title": "اعتبار اسنادی - گشایش اعتبار",
    "محیط": "اعتبار اسنادی",
    "گزینه": "گشایش اعتبار",
    "پیام خطا": "اعتبار نامعتبر شده است پیام خطا : \"INVALID شناسه کاربري اعتبارات اسنادي با CBI799RLN همخواني ندارد\"",
    "علت ایجاد مشکل": "شناسه ملی مشتری در زمان دریافت شماره اعتبار (10103221043) با شماره اعتبار در زمان گشایش اعتبار (4111166577)  برابر نبوده است.\nاین خطا از سامانه سپام صادر شده است و برای رفع مشکل نمیتوان در سامانه اعتبارات اسنادی ریالی کار انجام داد.",
    "روش رفع مشکل": "در حالت کلی اطلاعات اصلی مشتری خصوصا شناسه ملی نباید در سامانه نباید تغییر نماید.\n\nبرای رفع مشکل پیشنهاد میشود مجددا شماره اعتبار دریافت و گشایش انجام شود.",
    "tags": [
      "گشایش اعتبار",
      "اعتبار اسنادی"
    ],
    "search": "اعتبار نامعتبر شده است پیام خطا : \"INVALID شناسه کاربري اعتبارات اسنادي با CBI799RLN همخواني ندارد\" | شناسه ملی مشتری در زمان دریافت شماره اعتبار (10103221043) با شماره اعتبار در زمان گشایش اعتبار (4111166577)  برابر نبوده است.\nاین خطا از سامانه سپام صادر شده است و برای رفع مشکل نمیتوان در سامانه اعتبارات اسنادی ریالی کار انجام داد. | در حالت کلی اطلاعات اصلی مشتری خصوصا شناسه ملی نباید در سامانه نباید تغییر نماید.\n\nبرای رفع مشکل پیشنهاد میشود مجددا شماره اعتبار دریافت و گشایش انجام شود. | اعتبار اسنادی | گشایش اعتبار"
  },
  {
    "id": "ERR049",
    "title": "اعتبار اسنادی - دریافت و ابلاغ اعتبار",
    "محیط": "اعتبار اسنادی",
    "گزینه": "دریافت و ابلاغ اعتبار",
    "پیام خطا": "کد ملی مشتری انتخاب شده با کد ملی پیام گشایش کننده برابر نمی باشد",
    "علت ایجاد مشکل": "پس از گشایش اعتبار ، شناسه ملی مشتری تغییر داده شده است ( از طریق فایل های دریافتی از بانک ایران در بچ شبانه برای ویرایش و یکسان سازی اطلاعات مشتریان)\n\nلذا در حال حاضر پیام سپام با شناسه ملی قدیم ارسال شده است و شناسه مشتری در سامانه تغییر کرده است.",
    "روش رفع مشکل": "در خصوص نحوه رفع این مشکل با کارشناس بانک آقای اسدی تماس گرفته شود.\nتغییر پیام سپام ارسال شده در سامانه اعتبارات اسنادی ریالی ممکن نمیباشد.",
    "tags": [
      "دریافت و ابلاغ اعتبار",
      "اعتبار اسنادی"
    ],
    "search": "کد ملی مشتری انتخاب شده با کد ملی پیام گشایش کننده برابر نمی باشد | پس از گشایش اعتبار ، شناسه ملی مشتری تغییر داده شده است ( از طریق فایل های دریافتی از بانک ایران در بچ شبانه برای ویرایش و یکسان سازی اطلاعات مشتریان)\n\nلذا در حال حاضر پیام سپام با شناسه ملی قدیم ارسال شده است و شناسه مشتری در سامانه تغییر کرده است. | در خصوص نحوه رفع این مشکل با کارشناس بانک آقای اسدی تماس گرفته شود.\nتغییر پیام سپام ارسال شده در سامانه اعتبارات اسنادی ریالی ممکن نمیباشد. | اعتبار اسنادی | دریافت و ابلاغ اعتبار"
  },
  {
    "id": "ERR050",
    "title": "اعتبار اسنادی - بازپرداخت خریدار",
    "محیط": "اعتبار اسنادی",
    "گزینه": "بازپرداخت خریدار",
    "پیام خطا": "اعتبار در تیرماه وارد تسهیلات شده و اکنون شعبه قصد تسویه با \"بازپرداخت خریدار\" را دارد اما سیستم دیرکرد را محاسبه نمیکند.",
    "علت ایجاد مشکل": "درخصوص شماره اعتبار 0269801444598341 به علت این که در تاریخ 1402/05/19 یکبار ثبت بازپرداخت خریدار انجام شده ، به همین دلیل جریمه تا اون تاریخ محاسبه شده است",
    "روش رفع مشکل": "با ثبت مجدد در تابع بازپرداخت اطلاعات بروزرسانی می شود . شعبه 1 ریال بازپرداخت ثبت کرد و مانده ها بروز شد",
    "tags": [
      "بازپرداخت خریدار",
      "اعتبار اسنادی"
    ],
    "search": "اعتبار در تیرماه وارد تسهیلات شده و اکنون شعبه قصد تسویه با \"بازپرداخت خریدار\" را دارد اما سیستم دیرکرد را محاسبه نمیکند. | درخصوص شماره اعتبار 0269801444598341 به علت این که در تاریخ 1402/05/19 یکبار ثبت بازپرداخت خریدار انجام شده ، به همین دلیل جریمه تا اون تاریخ محاسبه شده است | با ثبت مجدد در تابع بازپرداخت اطلاعات بروزرسانی می شود . شعبه 1 ریال بازپرداخت ثبت کرد و مانده ها بروز شد | اعتبار اسنادی | بازپرداخت خریدار"
  },
  {
    "id": "ERR051",
    "title": "اعتبار اسنادی - ظهرنویسی/تسویه با فروشنده",
    "محیط": "اعتبار اسنادی",
    "گزینه": "ظهرنویسی/تسویه با فروشنده",
    "پیام خطا": "در حال حاضر این امکان غیر فعال است :error in send satna transaction",
    "علت ایجاد مشکل": "ساعت ساتنا به پایان رسیده است",
    "روش رفع مشکل": "",
    "tags": [
      "ظهرنویسی/تسویه با فروشنده",
      "اعتبار اسنادی"
    ],
    "search": "در حال حاضر این امکان غیر فعال است :error in send satna transaction | ساعت ساتنا به پایان رسیده است |  | اعتبار اسنادی | ظهرنویسی/تسویه با فروشنده"
  },
  {
    "id": "ERR052",
    "title": "اعتبار اسنادی - تسویه با فروشنده در سررسید",
    "محیط": "اعتبار اسنادی",
    "گزینه": "تسویه با فروشنده در سررسید",
    "پیام خطا": "سررسید پرداخت اعتبار 1403/01/06 بوده اما تسویه خودکار انجام نشده است",
    "علت ایجاد مشکل": "با توجه به بررسی های صورت گرفته برای اعتبار 0209002448049918 پارت 1 ، تسویه در سررسید اتوماتیک زمانی انجام می شود که  بانک کارگزار صادرات باشد. پس برای این اعتبار امکانپذیر نمی باشد.",
    "روش رفع مشکل": "A84879",
    "tags": [
      "تسویه با فروشنده در سررسید",
      "اعتبار اسنادی"
    ],
    "search": "سررسید پرداخت اعتبار 1403/01/06 بوده اما تسویه خودکار انجام نشده است | با توجه به بررسی های صورت گرفته برای اعتبار 0209002448049918 پارت 1 ، تسویه در سررسید اتوماتیک زمانی انجام می شود که  بانک کارگزار صادرات باشد. پس برای این اعتبار امکانپذیر نمی باشد. | A84879 | اعتبار اسنادی | تسویه با فروشنده در سررسید"
  },
  {
    "id": "ERR053",
    "title": "اعتبار اسنادی - گشایش اعتبار: not ok inquery error",
    "محیط": "اعتبار اسنادی",
    "گزینه": "گشایش اعتبار",
    "پیام خطا": "not ok inquery error",
    "علت ایجاد مشکل": "قطعی سپام",
    "روش رفع مشکل": "تا پایان وقت و یا حداکثر تا فردا معتبر میشود.اطلاعیه شماره 21403/700/26 - مورخ 1403/2/12\nموضوع: نكات مهم در خصوص سامانه اعتبارات اسنادي داخلي ريالي",
    "tags": [
      "گشایش اعتبار",
      "اعتبار اسنادی"
    ],
    "search": "not ok inquery error | قطعی سپام | تا پایان وقت و یا حداکثر تا فردا معتبر میشود.اطلاعیه شماره 21403/700/26 - مورخ 1403/2/12\nموضوع: نكات مهم در خصوص سامانه اعتبارات اسنادي داخلي ريالي | اعتبار اسنادی | گشایش اعتبار"
  },
  {
    "id": "ERR054",
    "title": "اعتبار اسنادی - کارتابل",
    "محیط": "اعتبار اسنادی",
    "گزینه": "کارتابل",
    "پیام خطا": "فعالیت بصورت کامل انجام شده و هر سه امضا صورت گرفته اما از کارتابل اقدامی حذف نمیشود",
    "علت ایجاد مشکل": "",
    "روش رفع مشکل": "کاربر ارشد سامانه میتواند با انجام عمل \"انجام شد\" در بخش کارتابل مورد اعتبار 0137303415647791 را از کارتابل حذف کند.\nتیکت 91539",
    "tags": [
      "اعتبار اسنادی",
      "کارتابل"
    ],
    "search": "فعالیت بصورت کامل انجام شده و هر سه امضا صورت گرفته اما از کارتابل اقدامی حذف نمیشود |  | کاربر ارشد سامانه میتواند با انجام عمل \"انجام شد\" در بخش کارتابل مورد اعتبار 0137303415647791 را از کارتابل حذف کند.\nتیکت 91539 | اعتبار اسنادی | کارتابل"
  },
  {
    "id": "ERR055",
    "title": "اعتبار اسنادی - ابطال اعتبار: سند حسابداری تراز نمیباشد",
    "محیط": "اعتبار اسنادی",
    "گزینه": "ابطال اعتبار",
    "پیام خطا": "سند حسابداری تراز نمیباشد",
    "علت ایجاد مشکل": "سند حسابداری در سرفصل ح انتظامی با طرف ح انتظامی تراز نبود . 2 برابر ثبت شده بود. اصلاحیه رد شده داشت",
    "روش رفع مشکل": "تیکت a93624",
    "tags": [
      "ابطال اعتبار",
      "اعتبار اسنادی"
    ],
    "search": "سند حسابداری تراز نمیباشد | سند حسابداری در سرفصل ح انتظامی با طرف ح انتظامی تراز نبود . 2 برابر ثبت شده بود. اصلاحیه رد شده داشت | تیکت a93624 | اعتبار اسنادی | ابطال اعتبار"
  },
  {
    "id": "ERR056",
    "title": "اعتبار اسنادی - گشایش اعتبار: NOT OK Person is not valid due to information deficiency",
    "محیط": "اعتبار اسنادی",
    "گزینه": "گشایش اعتبار",
    "پیام خطا": "NOT OK Person is not valid due to information deficiency",
    "علت ایجاد مشکل": "اطلاعات مشتری از قبیل نوع مشتری ، شناسه ملی ، دولتی/غیر دولتی ، شماره شناسنامه/شماره ثبت شرکت و ... در سامانه اعتبارات اسنادی ریالی خالی است",
    "روش رفع مشکل": "A99595",
    "tags": [
      "گشایش اعتبار",
      "اعتبار اسنادی"
    ],
    "search": "NOT OK Person is not valid due to information deficiency | اطلاعات مشتری از قبیل نوع مشتری ، شناسه ملی ، دولتی/غیر دولتی ، شماره شناسنامه/شماره ثبت شرکت و ... در سامانه اعتبارات اسنادی ریالی خالی است | A99595 | اعتبار اسنادی | گشایش اعتبار"
  },
  {
    "id": "ERR057",
    "title": "اعتبار اسنادی - ارسال اسناد",
    "محیط": "اعتبار اسنادی",
    "گزینه": "ارسال اسناد",
    "پیام خطا": "تابع ارسال اسناد بصورت کامل اجرا شده است اما شناسه واریز در پیام تولید نشده است",
    "علت ایجاد مشکل": "بانک گشایش کننده صادرات است و به همین دلیل مبلغ پارت با ساتنا/پایا ارسال نمیشود که نیاز به شناسه داشته باشد.",
    "روش رفع مشکل": "نیازی به شناسه نیست",
    "tags": [
      "اعتبار اسنادی",
      "ارسال اسناد"
    ],
    "search": "تابع ارسال اسناد بصورت کامل اجرا شده است اما شناسه واریز در پیام تولید نشده است | بانک گشایش کننده صادرات است و به همین دلیل مبلغ پارت با ساتنا/پایا ارسال نمیشود که نیاز به شناسه داشته باشد. | نیازی به شناسه نیست | اعتبار اسنادی | ارسال اسناد"
  },
  {
    "id": "ERR058",
    "title": "اعتبار اسنادی - تسویه با فروشنده در سررسید و ظهرنویسی اعتبار دیداری: خطا در ذخیره سازی استعلام پیام ساتنا",
    "محیط": "اعتبار اسنادی",
    "گزینه": "تسویه با فروشنده در سررسید و ظهرنویسی اعتبار دیداری",
    "پیام خطا": "خطا در ذخیره سازی استعلام پیام ساتنا",
    "علت ایجاد مشکل": "احتمالا مربوط به قطع بودن یا اشکال در سامانه ساتنا است",
    "روش رفع مشکل": "بعد از نیم ساعت خودش رفع شد",
    "tags": [
      "اعتبار اسنادی",
      "تسویه با فروشنده در سررسید و ظهرنویسی اعتبار دیداری"
    ],
    "search": "خطا در ذخیره سازی استعلام پیام ساتنا | احتمالا مربوط به قطع بودن یا اشکال در سامانه ساتنا است | بعد از نیم ساعت خودش رفع شد | اعتبار اسنادی | تسویه با فروشنده در سررسید و ظهرنویسی اعتبار دیداری"
  }
]